Криптовалюта,Метод,Сегмент,Начало сегмента,Конец сегмента,MSE,RMSE,MAE,R2,MAPE,SMAPE,MaxError,MedianAE,ExplainedVariance,Лучший сегмент,Худший сегмент
Bitcoin,linear_regression,1,2025-02-27,2025-04-07,7520055.648690185,2742.2719866362972,2136.618577470332,-0.9291488328175193,2.6473594957537117,2.5904942548339425,5884.091072835552,1836.5418862393344,0.07002990373841278,False,False
Bitcoin,linear_regression,2,2025-04-08,2025-05-17,4838233.500144077,2199.59848612061,1832.7720722098616,-14.453869908602725,1.7676438972619546,1.783156882772124,3687.683732503705,1880.345218935392,-11.463269515544726,False,False
Bitcoin,linear_regression,3,2025-05-18,2025-06-26,4742082.741058823,2177.6323705021523,1776.5949283926616,-0.2996107465880453,1.713977342460067,1.6984559509272121,4513.326621593442,1457.2234435831488,-0.09475330082892408,True,False
Bitcoin,linear_regression,4,2025-06-27,2025-08-05,81564333.92284349,9031.297466191858,8315.834689585648,-15.611534008238603,7.239123608846196,6.94117221161282,12371.795767867065,9483.666861617072,-1.5276921308477163,False,False
Bitcoin,linear_regression,5,2025-08-06,2025-09-14,46056424.504900336,6786.488378012618,5971.747722295612,-8.16318006471777,5.218816462283101,5.399415387211226,9919.349530728592,5549.224361269473,-1.0680737615657074,False,False
Bitcoin,linear_regression,6,2025-09-15,2025-10-24,101374638.93492611,10068.497352382137,9962.842191845097,-42.4331720260469,9.16720520334054,8.756116728753051,12076.646781145711,10184.94258203559,0.09323878757068194,False,True
Bitcoin,linear_regression,7,2025-10-25,2025-12-03,87940838.72776887,9377.677683081716,8411.423694150904,-20.220373250198335,9.26053106063718,9.823239624650496,16283.70613470985,8452.835582360029,-3.1477037097063034,False,False
Bitcoin,linear_regression,8,2025-12-04,2026-01-13,26945916.31965337,5190.945609390776,5068.482216351501,-17.66137012439487,5.525359959643631,5.6894478314733234,7158.253189307565,4738.44809423665,0.12987830225490227,False,False
Bitcoin,polynomial_regression,1,2025-02-27,2025-04-07,80401821.80603686,8966.706296407665,8248.881627341425,-19.625788948853607,10.120854095196426,9.543973015930561,14870.358689032,7607.049281358355,-2.1701872740434447,False,False
Bitcoin,polynomial_regression,2,2025-04-08,2025-05-17,33486739.17658136,5786.772777341561,5757.5394338824,-105.96046622859109,5.555070252061721,5.715312876348733,7011.889145072535,5599.4836738551385,-0.07794593831092511,False,False
Bitcoin,polynomial_regression,3,2025-05-18,2025-06-26,12260387.229053088,3501.483575436716,3068.7931617968425,-2.3600702202531587,2.961411620977684,2.90465033573937,6796.894327030037,2361.7756248882724,0.22087865569136,False,False
Bitcoin,polynomial_regression,4,2025-06-27,2025-08-05,13573879.246830974,3684.2745889565526,3135.3807227399957,-1.7644798392610488,2.7398112860162893,2.6885718184065976,6304.177057950612,3353.3877175190282,0.18530673588181923,False,False
Bitcoin,polynomial_regression,5,2025-08-06,2025-09-14,89193278.29404224,9444.219305693947,8517.857362967789,-16.745495408221128,7.4534875053694245,7.808990441745022,13747.41973398022,7942.912450341661,-2.3104974078963947,False,False
Bitcoin,polynomial_regression,6,2025-09-15,2025-10-24,71268487.34682636,8442.06653295426,8285.677064483816,-29.534426593201974,7.629605496307397,7.337924763385775,10912.694182756983,8631.350925406608,-0.12082315455032444,False,False
Bitcoin,polynomial_regression,7,2025-10-25,2025-12-03,256790356.02704725,16024.679592024524,14779.4511315276,-60.964239604467,16.309905068926174,18.04096496031378,26319.717376015527,14973.198530493035,-8.255937451470139,False,True
Bitcoin,polynomial_regression,8,2025-12-04,2026-01-13,4856217.109449265,2203.6826244832228,1682.2308870719485,-2.363168793697846,1.8202271134636079,1.8470425579069343,4497.483945222513,1006.8362972204341,-1.3076952018193144,True,False
Bitcoin,moving_average,1,2025-02-27,2025-04-07,20265815.648698173,4501.756951313362,4037.900398737227,-4.198867725345975,4.968170540990729,4.816847726021063,8147.14910281208,3705.967785465138,-0.01617573723027932,False,False
Bitcoin,moving_average,2,2025-04-08,2025-05-17,58059248.123047076,7619.661942832311,7595.865130607167,-184.44786386563143,7.3293208848300555,7.609768187897996,8870.702054482506,7451.179406894378,-0.15652816234875577,False,True
Bitcoin,moving_average,3,2025-05-18,2025-06-26,6603304.339246663,2569.6895414128658,2067.7508353610815,-0.8096953914305363,2.0017108487781248,1.972065663197687,5365.986421606853,1559.5648801931457,0.01610322993592983,True,False
Bitcoin,moving_average,4,2025-06-27,2025-08-05,10697844.324083913,3270.7559254832686,2686.811267428276,-1.1787415682504845,2.350052569507303,2.3105943851445563,5688.969724372306,2801.255463647467,0.03210137837395666,False,False
Bitcoin,moving_average,5,2025-08-06,2025-09-14,13768531.263050247,3710.5971572039784,3019.4265730753805,-1.7393253502907453,2.629545927614793,2.6823891839006215,5881.874290778054,2586.048565243611,0.07453959280386846,False,False
Bitcoin,moving_average,6,2025-09-15,2025-10-24,35618018.87162019,5968.0833499223345,5814.652028430074,-14.260261907034845,5.356019347658694,5.208474179418863,7636.162035349858,6072.185719288878,0.22544479367003145,False,False
Bitcoin,moving_average,7,2025-10-25,2025-12-03,13371722.81620428,3656.736634788494,3151.3201414765367,-2.2266345564026113,3.455997052887869,3.5354631918000847,6443.244504945746,3546.2320642334307,-0.3936108103605682,False,False
Bitcoin,moving_average,8,2025-12-04,2026-01-13,10865720.328746809,3296.3192091705573,3058.192073407663,-6.525044846035288,3.3257479973704465,3.390678582116888,5567.112153790091,2588.5897425475196,-0.04795253666167687,False,False
Bitcoin,exponential_smoothing,1,2025-02-27,2025-04-07,15113321.362473955,3887.5855440715327,3348.910319116386,-2.877078525541359,4.130223601869513,4.016325953129192,7438.141569116386,3079.3759441163857,-2.220446049250313e-16,False,False
Bitcoin,exponential_smoothing,2,2025-04-08,2025-05-17,43944227.26793355,6629.044219790177,6605.388059392822,-139.36287653592873,6.373365414791561,6.584553256820744,7705.496653142822,6523.520090642822,0.0,False,True
Bitcoin,exponential_smoothing,3,2025-05-18,2025-06-26,8185761.747181746,2861.0770257337963,2275.5515513712076,-1.2433821838526984,2.2050059799971646,2.167072486356246,5809.617168952012,2012.9492002020124,0.0,False,False
Bitcoin,exponential_smoothing,4,2025-06-27,2025-08-05,9451759.572666887,3074.3714109825582,2431.341402536817,-0.9249617820403473,2.128633949372402,2.094355277711204,5420.453120358521,2532.324214108521,2.220446049250313e-16,False,False
Bitcoin,exponential_smoothing,5,2025-08-06,2025-09-14,10499437.33702493,3240.283527258831,2531.271405237261,-1.0889210556747373,2.201080267640006,2.240769585861174,5184.271352478769,2096.0877587287687,0.0,False,False
Bitcoin,exponential_smoothing,6,2025-09-15,2025-10-24,19996402.985206775,4471.733778436142,4202.6617508234685,-7.567302629962029,3.8790665758789507,3.7952391460965766,6650.875032073469,4546.863313323469,0.0,False,False
Bitcoin,exponential_smoothing,7,2025-10-25,2025-12-03,14857374.490047883,3854.5264936238127,3369.790650709253,-2.5851265095705345,3.6959170495215092,3.7864339844914277,6722.796907136566,3880.054719636566,1.1102230246251565e-16,False,False
Bitcoin,exponential_smoothing,8,2025-12-04,2026-01-13,4384473.640996523,2093.913475050133,1714.798151668944,-2.036463278690307,1.8575318959103015,1.8832862825140195,4102.045026668944,1364.263776668944,3.3306690738754696e-16,True,False
Bitcoin,arima,1,2025-02-27,2025-04-07,15409594.739564974,3925.5056667345384,3384.228237365598,-2.9530826758177726,4.173450976720332,4.057399431002773,7472.327636701608,2959.7096210465024,-0.015000288456338051,False,False
Bitcoin,arima,2,2025-04-08,2025-05-17,45570252.68264722,6750.574248361929,6727.3057235353535,-144.55658726244053,6.4910546354828265,6.710195910177608,7831.926263077621,6640.11269964547,-0.0017073561141467408,False,True
Bitcoin,arima,3,2025-05-18,2025-06-26,8626015.52034012,2937.007919693122,2337.0925757099044,-1.3640377198408382,2.2647101802338887,2.2246506623212934,5908.010199877521,2119.0574238366826,-0.00043857229960320154,False,False
Bitcoin,arima,4,2025-06-27,2025-08-05,11187249.352119688,3344.7345712507126,2717.404607841652,-1.2784146468623896,2.3782390103800073,2.3364744757809053,5806.172060646379,2912.0335042430524,0.022933442206020782,False,False
Bitcoin,arima,5,2025-08-06,2025-09-14,11233578.399865467,3351.6530846532232,2625.5566402452705,-1.2349824754229286,2.283071330587584,2.32580422725635,5337.038976792654,2252.716005778384,-0.006200379221407593,False,False
Bitcoin,arima,6,2025-09-15,2025-10-24,24879543.599733107,4987.939815167491,4745.555276893547,-9.659446074973383,4.377682535299794,4.273775904832826,7075.401890199049,5106.561071438657,-0.010801678902256695,False,False
Bitcoin,arima,7,2025-10-25,2025-12-03,13682452.217241302,3698.9798887316624,3220.7877610044716,-2.3016144402109524,3.5321424311038423,3.6150669676931715,6533.9280123673525,3697.1453227254315,-0.0032627165042193873,False,False
Bitcoin,arima,8,2025-12-04,2026-01-13,2753316.019878594,1659.3119115701527,1192.491108820014,-0.9068065344990708,1.2874086848325685,1.3034530729912719,3450.627540243644,854.8897952135303,0.07802255732371144,True,False
Bitcoin,random_forest,1,2025-02-27,2025-04-07,13076911.136884691,3616.201202489249,3029.7727171021716,-2.3546703688254644,3.742109694349397,3.643162196147593,7072.2485019186715,2782.5268177795006,0.00018794116313491926,False,False
Bitcoin,random_forest,2,2025-04-08,2025-05-17,52674272.15271986,7257.704330759132,7231.4113147482,-167.2476361164105,6.977415919335947,7.2313670510896015,8347.398832000661,7166.664168135663,-0.21683785666601252,False,True
Bitcoin,random_forest,3,2025-05-18,2025-06-26,7452739.636747314,2729.9706292829073,2161.9496600692073,-1.0424908320509099,2.0948911895729054,2.0606149798282325,5644.697602124084,1802.4502453664318,-0.00807212958011716,False,False
Bitcoin,random_forest,4,2025-06-27,2025-08-05,9451481.719499247,3074.3262220361794,2482.9713418308775,-0.9249051939813075,2.172131123236936,2.1381006075259195,5388.641816326417,2529.4486503525986,0.0264489950288046,False,False
Bitcoin,random_forest,5,2025-08-06,2025-09-14,10172864.788309572,3189.4928732181816,2476.988467756004,-1.0239476431651702,2.1534309918232664,2.1918513749465065,5113.828942126303,2029.9313682236461,0.025731371585582807,False,False
Bitcoin,random_forest,6,2025-09-15,2025-10-24,24513210.753537968,4951.081776090753,4737.292388022489,-9.502493629127452,4.3686858505567026,4.266360157906855,6736.217866913226,5088.498733196771,0.1125798724185696,False,False
Bitcoin,random_forest,7,2025-10-25,2025-12-03,19398998.93607316,4404.429467714651,3908.0488615483323,-3.681033340812178,4.289277580828914,4.408505654827803,7348.094705438503,4514.8031177119265,0.004347596754345484,False,False
Bitcoin,random_forest,8,2025-12-04,2026-01-13,5842100.506844253,2417.043753605684,2076.9870429674543,-3.045941454313027,2.2530241818103307,2.287520721954132,4529.432426339961,1632.782603465952,-0.058371078638823626,True,False
Ethereum,linear_regression,1,2025-02-27,2025-04-07,10797.665073215981,103.91181392515473,69.81815760820757,0.0634532655537714,4.215076121553285,4.024843272048721,223.18907288299215,45.513220074533024,0.33697682274856344,True,False
Ethereum,linear_regression,2,2025-04-08,2025-05-17,329586.165122792,574.0959546302273,562.7119511905229,-18.90677593194077,22.341277366128303,25.240968937339193,737.9981076159565,573.6704945101402,0.21834689325718293,False,True
Ethereum,linear_regression,3,2025-05-18,2025-06-26,48072.398194572466,219.25418626464688,198.7511112336186,-4.900094376193392,8.372342887784104,7.956913817399093,391.3248078377014,202.9095356602818,-0.05187457273385254,False,False
Ethereum,linear_regression,4,2025-06-27,2025-08-05,320919.3656837401,566.4974542605996,488.7046400930867,-12.579971861493227,13.650353010878307,12.491622532870542,847.1950558490917,532.0893429584667,-2.4735861294184955,False,False
Ethereum,linear_regression,5,2025-08-06,2025-09-14,43588.352767583754,208.77823825193983,186.44515597843073,-0.6618642988100425,4.28464856037893,4.176855501817149,277.6299488581062,239.3818192088429,0.2840164987023831,False,False
Ethereum,linear_regression,6,2025-09-15,2025-10-24,59668.05198232214,244.27044844254522,236.80683630864422,-14.741771668402539,6.088759222997379,5.896819366245657,329.04887219161355,254.81250550380037,0.052725901405876296,False,False
Ethereum,linear_regression,7,2025-10-25,2025-12-03,249791.15833196059,499.7911146988916,468.3373826278327,-29.232261457592525,15.52907632590878,17.023942350918812,867.3416665218292,450.69935382847234,-2.685519895220228,False,False
Ethereum,linear_regression,8,2025-12-04,2026-01-13,70069.7803609274,264.7069707448737,258.21105637484914,-15.359165673754426,8.180691740601272,8.545117370133298,399.90352060376654,235.47947812927237,0.20694318809415724,False,False
Ethereum,polynomial_regression,1,2025-02-27,2025-04-07,229711.1665447555,479.2819280389732,438.1749651751317,-18.924237456390056,25.49637857787474,22.02608815417626,825.2506763525403,396.20512275931196,-2.2711515144101675,False,False
Ethereum,polynomial_regression,2,2025-04-08,2025-05-17,373780.68169921153,611.376055876587,599.8898769813279,-21.576094101225742,23.818485874846495,27.135699610325858,776.5144387352307,616.8386184778446,0.15967548464739145,False,False
Ethereum,polynomial_regression,3,2025-05-18,2025-06-26,33319.2643783065,182.53565234853846,159.8688470413405,-3.0893904144674496,6.756341794357584,6.463324012255148,351.04278213450107,150.2241366507808,0.047438669063948,False,False
Ethereum,polynomial_regression,4,2025-06-27,2025-08-05,739964.0854357001,860.2116515344931,773.0922250580109,-30.312200300916622,21.489475521173084,18.95278317488956,1244.6132505626956,840.7709025110407,-5.021226238922606,False,True
Ethereum,polynomial_regression,5,2025-08-06,2025-09-14,426358.52497107023,652.9613502888744,542.9291357045613,-15.25548950933685,11.988166503514764,13.109981461424864,1078.5384980649615,424.50284652916616,-4.016910643872102,False,False
Ethereum,polynomial_regression,6,2025-09-15,2025-10-24,134284.36363598733,366.44830963723564,359.91586749569194,-34.42722982846377,9.246762228256097,8.822325517028714,472.3885410785897,363.2076083290126,-0.2518195755966619,False,False
Ethereum,polynomial_regression,7,2025-10-25,2025-12-03,243237.818981555,493.1914628027892,462.0010340788955,-28.439109810493406,15.317843099740447,16.771120375935645,857.3555812087043,445.2564304249354,-2.6058347487664304,False,False
Ethereum,polynomial_regression,8,2025-12-04,2026-01-13,15311.383956970394,123.73917713065008,91.68352227117016,-2.5747431425690435,2.866967663800506,2.9407948430661675,257.3632960490636,77.45351499990556,-1.062549380449973,True,False
Ethereum,moving_average,1,2025-02-27,2025-04-07,61984.394811007565,248.96665401416223,225.00968214409423,-4.376281089776835,13.138051533825745,12.113338470760752,440.06703494355065,189.06684710994455,0.015108965277771724,False,False
Ethereum,moving_average,2,2025-04-08,2025-05-17,478478.55547359044,691.7214435548391,679.3293622117092,-27.899773109416763,26.97557039535119,31.304851155700785,861.7673549580281,705.0167127219621,-0.02619467971916456,False,True
Ethereum,moving_average,3,2025-05-18,2025-06-26,35735.517346966844,189.03840177849273,170.73349455269653,-3.385945632997468,7.193664160975476,6.881688374451417,352.56635306362205,165.24265843904914,0.191727249470109,False,False
Ethereum,moving_average,4,2025-06-27,2025-08-05,26760.115904797996,163.58519463813954,131.12117487668357,-0.13237672716697158,3.669440565285324,3.5933593594602726,329.4590400957427,102.51997168863932,-0.01700148352108166,False,False
Ethereum,moving_average,5,2025-08-06,2025-09-14,32015.58311783011,178.92898903707612,132.98298846375383,-0.22063696402576216,2.912886035475457,2.98035701760051,358.8272712828011,68.34724270567631,-0.009558720727045333,False,False
Ethereum,moving_average,6,2025-09-15,2025-10-24,41950.47023185562,204.81813941117525,199.45635526765136,-10.067475840633078,5.127042665506776,4.991396992853601,297.01563460041507,194.71013939097656,0.4281298630312199,False,False
Ethereum,moving_average,7,2025-10-25,2025-12-03,30001.6529164323,173.20985224990034,152.07259626726,-2.631104564254196,5.00664669473537,5.167173153852557,346.78544038491145,149.76785956820277,-0.2355619381479006,False,False
Ethereum,moving_average,8,2025-12-04,2026-01-13,24371.572912899814,156.11397411154394,140.35588856338683,-4.690022103086792,4.422506505416371,4.544963388042829,291.01886512537067,127.26048189575113,-0.09072282264707243,True,False
Ethereum,exponential_smoothing,1,2025-02-27,2025-04-07,42694.27311891648,206.62592557304245,176.53623025479897,-2.70313227887216,10.39667678280666,9.667272293571596,393.96909158292397,138.43314187589272,0.0,False,False
Ethereum,exponential_smoothing,2,2025-04-08,2025-05-17,486212.6379347801,697.2894936357353,685.3146405493426,-28.36690632945558,27.219488005169257,31.626542424577085,866.4260907446551,709.5641522680926,0.0,False,True
Ethereum,exponential_smoothing,3,2025-05-18,2025-06-26,22741.087512012284,150.80148378584437,120.80295419442919,-1.7910935916921695,5.14322922015598,4.9395576836636526,312.3918457959917,120.03735360849169,0.0,False,False
Ethereum,exponential_smoothing,4,2025-06-27,2025-08-05,29160.50224783495,170.76446424193458,134.10412593445434,-0.2339510865880805,3.7699801547565484,3.672943787908141,348.65478494570925,98.151123046875,-2.220446049250313e-16,False,False
Ethereum,exponential_smoothing,5,2025-08-06,2025-09-14,38042.94440053165,195.04600585639187,129.971044921875,-0.4504381814555911,2.821663118631164,2.910877889228074,393.2304412066378,37.451904296875,0.0,False,False
Ethereum,exponential_smoothing,6,2025-09-15,2025-10-24,52548.01750180234,229.2335435790372,220.8112078436563,-12.863346726748631,5.681408722566035,5.511723270512189,317.2897967108438,232.8618181952188,-2.220446049250313e-16,False,False
Ethereum,exponential_smoothing,7,2025-10-25,2025-12-03,45977.84588995817,214.42445263998732,194.5020511873794,-4.564705602409067,6.406560940779996,6.662580096409711,389.89575246078675,193.35009816391175,0.0,False,False
Ethereum,exponential_smoothing,8,2025-12-04,2026-01-13,4662.49374715894,68.28245563216763,47.212060546875,-0.08855068860968895,1.4751110445797484,1.4926028082817357,171.524171770041,35.540281354959006,2.220446049250313e-16,True,False
Ethereum,arima,1,2025-02-27,2025-04-07,28747.991919897555,169.55232796956093,131.9945914909059,-1.4934870429767475,7.870270697282475,7.362163462388863,347.48964299666636,94.33871667993128,0.006822100462830161,False,False
Ethereum,arima,2,2025-04-08,2025-05-17,495086.4848776131,703.623823415334,691.8726168393125,-28.90288053419655,27.48410061815622,31.9796370490283,873.0714659017001,716.8825738647636,0.009525842739011248,False,True
Ethereum,arima,3,2025-05-18,2025-06-26,35988.666656533984,189.70679127678582,165.60100328700952,-3.4170155374292994,6.99992445821192,6.684414263513171,357.28799750084636,159.21159478658137,-0.05120940481631364,False,False
Ethereum,arima,4,2025-06-27,2025-08-05,126108.38976066797,355.1174309445651,288.474567089071,-4.336382180612233,8.105482034724831,7.635380167300054,596.5207567268221,280.4973773358033,-1.280151674597752,False,False
Ethereum,arima,5,2025-08-06,2025-09-14,23141.64778038918,152.12379097428902,132.4273521922224,0.11769369980719946,2.9479068200104654,2.969269247870963,287.91608775400164,113.66319177830155,0.12104922870337265,False,False
Ethereum,arima,6,2025-09-15,2025-10-24,71444.80895356771,267.291617813892,260.1167684474059,-17.84874454713068,6.6881821080589505,6.458992179373943,356.6316110287962,278.5757716790372,0.0016758704806637548,False,False
Ethereum,arima,7,2025-10-25,2025-12-03,59408.59728385259,243.7387890423939,224.51535593912308,-6.190231463386623,7.406059988375457,7.739100282389161,440.5164807883998,232.94394695922574,-0.08944711724143728,False,False
Ethereum,arima,8,2025-12-04,2026-01-13,10415.718503196285,102.05742747686855,81.55614221858487,-1.4317539419602983,2.559075402111022,2.6101516340306756,229.17616442379267,57.551983346636916,0.03824001658622744,True,False
Ethereum,random_forest,1,2025-02-27,2025-04-07,44385.064909446344,210.67763267477244,173.17924928426933,-2.8497848671226684,10.252354657737236,9.489634949602614,415.24276602728173,126.04525511303518,-0.24847967927587078,False,False
Ethereum,random_forest,2,2025-04-08,2025-05-17,484320.3177505008,695.9312593572017,683.8734725147009,-28.25261150192269,27.16094246818382,31.549028003559997,865.0651352793031,708.3943236549773,-0.004886905363873151,False,True
Ethereum,random_forest,3,2025-05-18,2025-06-26,29898.16806872913,172.91086741072445,151.94618535655962,-2.6695072412823784,6.419217386183424,6.155627838588185,331.0845206069698,140.42555039871604,0.16412035338341613,False,False
Ethereum,random_forest,4,2025-06-27,2025-08-05,26896.01796835119,164.00005478154935,130.13554235193533,-0.1381275368603636,3.649066708999556,3.5668031611153013,333.2068760276179,98.72519772401415,0.01356945592887071,False,False
Ethereum,random_forest,5,2025-08-06,2025-09-14,32908.89677063497,181.40809455654113,128.189571356554,-0.2546957428732175,2.796714399051713,2.8699697470426973,367.7386566922951,53.81975943804264,0.019044953142752785,False,False
Ethereum,random_forest,6,2025-09-15,2025-10-24,88398.75981715761,297.3192893459111,286.7386376060297,-22.321577403330146,7.368672873875863,7.08700650057304,418.6210664669052,287.50464761148487,-0.6303471622045476,False,False
Ethereum,random_forest,7,2025-10-25,2025-12-03,44410.95344018618,210.73906481757524,190.91132989710718,-4.3750643735770955,6.287868812378758,6.534800993734873,386.2998016164788,189.59920035766868,-0.012536368261686803,False,False
Ethereum,random_forest,8,2025-12-04,2026-01-13,6486.897187178985,80.54127629469865,55.6703715022381,-0.5144934841675026,1.7355932595972186,1.7654420127970163,199.07443696881228,31.985108404127004,-0.08941885974881303,True,False
Solana,linear_regression,1,2025-02-27,2025-04-07,75.45131113858147,8.686271417505987,6.431254442813982,-0.5134896634081927,5.726268336581318,5.428104136693129,17.938051423329895,3.5368289694328254,0.2923280332521414,False,False
Solana,linear_regression,2,2025-04-08,2025-05-17,150.0023855218388,12.247546102049945,10.36789093860574,-3.481504536992513,5.906493976787701,6.155373714421682,20.937049966429527,12.34705471905859,-0.49903610713887403,False,False
Solana,linear_regression,3,2025-05-18,2025-06-26,25.839401195423438,5.0832471113869175,4.271029390837905,0.04341219409018082,3.059432135365946,3.0392355157446196,9.850746845589072,3.81013494879835,0.04477404366172799,True,False
Solana,linear_regression,4,2025-06-27,2025-08-05,975.8107784321639,31.237970139433898,27.836178383493028,-9.306433950539752,16.69256076760234,15.081860161219613,43.88422894334633,31.442227600572863,-1.1225015126635358,False,True
Solana,linear_regression,5,2025-08-06,2025-09-14,204.18116207925226,14.289197391010184,11.712158521652924,0.13875500334144852,5.099649806519028,5.246917235424662,24.77440201614712,9.6544948692449,0.35899325419239236,False,False
Solana,linear_regression,6,2025-09-15,2025-10-24,132.9612354538846,11.530881815970737,10.179330688408669,-5.8378852436745605,5.4844098022444,5.29676804591598,18.382290639230234,10.42681203466634,-0.663919639217732,False,False
Solana,linear_regression,7,2025-10-25,2025-12-03,945.8059952594452,30.75395901765243,29.638818906473567,-39.56377846233071,21.439760232868814,24.23417057870354,48.463318579436475,28.49307035729757,-1.8883564200273053,False,False
Solana,linear_regression,8,2025-12-04,2026-01-13,315.6590489733395,17.76679624955888,17.47946434006852,-54.38244789389109,12.715293181170537,13.606025748790906,21.453327722376173,17.239422225810706,-0.7768501801835721,False,False
Solana,polynomial_regression,1,2025-02-27,2025-04-07,1352.8458680231984,36.78105311193792,33.836852131347406,-26.136947079380988,29.237897432159137,24.8422444176493,59.57189863990848,33.48902472806381,-3.1705655549580536,False,False
Solana,polynomial_regression,2,2025-04-08,2025-05-17,1477.0515556814978,38.43242843851397,37.687314667058445,-43.12871985422368,21.78967492302694,24.566753556238037,49.630047491156375,38.570727775867155,-0.6945156290316266,False,False
Solana,polynomial_regression,3,2025-05-18,2025-06-26,51.546542783004085,7.179592104221805,5.220952442289658,-0.9082792937076214,3.8069858351934265,3.6712384488915886,15.458355982337935,2.5053756587173694,0.10083851322503179,False,False
Solana,polynomial_regression,4,2025-06-27,2025-08-05,2187.2275830819385,46.76780498464663,42.73271540107284,-22.101319557108994,25.520675255938365,22.101632590586885,66.89670111369617,46.681073146439985,-2.8143589070697232,False,True
Solana,polynomial_regression,5,2025-08-06,2025-09-14,317.4270870734996,17.81648357767322,14.388199816094097,-0.33892121957772625,6.210036705454525,6.48490837901326,30.154758503106223,10.577554482927226,0.20769959591928389,False,False
Solana,polynomial_regression,6,2025-09-15,2025-10-24,266.6846278992674,16.330481557482234,15.659129748972656,-12.71496643816696,8.404833307650724,8.034451840142696,22.288707094269853,15.89399310485868,-0.10447500639274021,False,False
Solana,polynomial_regression,7,2025-10-25,2025-12-03,366.63051012475364,19.14759802494176,18.358183434724747,-14.72406906360566,13.228676690053792,14.24497421185624,30.685037075960267,17.5209177400018,-0.26981281948931546,False,False
Solana,polynomial_regression,8,2025-12-04,2026-01-13,48.344198001677725,6.952999209095146,6.454960878191175,-7.481999915757221,4.694485751363696,4.825315411687222,11.986411244149707,6.245878073575433,-0.171600049364814,True,False
Solana,moving_average,1,2025-02-27,2025-04-07,347.0725276969255,18.629882653868904,17.276548658631455,-5.9619821736092655,14.927774202339686,13.690872088072062,30.741376298397455,14.458547604278237,0.025257498705815284,False,False
Solana,moving_average,2,2025-04-08,2025-05-17,697.2246871423861,26.40501253819786,25.748373668612324,-19.83043938175821,14.833252168465982,16.073655106172787,37.216951708344624,26.377519841891242,-0.02313931526335078,False,True
Solana,moving_average,3,2025-05-18,2025-06-26,111.87027608227902,10.57687458951268,9.362368275932056,-3.1414946551867784,6.7247505990036895,6.440540411274126,20.0434142246977,7.211004917719279,0.1034988822223124,False,False
Solana,moving_average,4,2025-06-27,2025-08-05,369.52959244776827,19.22315251065153,16.85822698226954,-2.902941452903369,10.135644340748318,9.496386826197748,29.88681594222544,17.19305610224714,0.09875386268330943,False,False
Solana,moving_average,5,2025-08-06,2025-09-14,535.4423184530792,23.139626584132234,18.28087888933862,-1.2585189205063712,7.838088289228009,8.343993744205989,37.98427077506764,15.23835319123009,0.020484562577374077,False,False
Solana,moving_average,6,2025-09-15,2025-10-24,169.92998511619174,13.0357195856689,12.457236256458254,-7.739101541267287,6.686119576508519,6.44785149007592,20.079866073345045,12.466321806495102,0.24158343903983748,False,False
Solana,moving_average,7,2025-10-25,2025-12-03,62.1192438874006,7.881576231148221,7.194609619793136,-1.6641734773575863,5.161874582044076,5.308589093462701,13.5375013303873,6.309359059935545,-0.016737123946027443,True,False
Solana,moving_average,8,2025-12-04,2026-01-13,114.5536404872989,10.702973441399307,10.466052921375486,-19.09846081073126,7.608307566841469,7.921834730203758,14.457621334890973,10.246746392761509,0.12005107549693028,False,False
Solana,exponential_smoothing,1,2025-02-27,2025-04-07,282.43572915594945,16.805824262914015,15.25067816292659,-4.6654225116057,13.225781118492169,12.202687830105274,28.64731894051448,12.836394410485184,0.0,False,False
Solana,exponential_smoothing,2,2025-04-08,2025-05-17,674.6857866671328,25.974714371232896,25.32221064951067,-19.157062192540348,14.587186042068542,15.785549508754542,36.86091761972551,25.782029680272387,0.0,False,True
Solana,exponential_smoothing,3,2025-05-18,2025-06-26,103.07490667323745,10.15258128129184,8.721402006512836,-2.8158855955367588,6.28182932393713,6.018541244010783,19.254303007489398,6.694068937665179,0.0,False,False
Solana,exponential_smoothing,4,2025-06-27,2025-08-05,262.5710313659541,16.204043673291988,13.721208213159844,-1.7732538437895875,8.281434729716878,7.823780940512867,26.430862454560156,13.988861111786719,0.0,False,False
Solana,exponential_smoothing,5,2025-08-06,2025-09-14,524.7082960056119,22.906512087299802,18.22085944310113,-1.2132423483056827,7.822210307019395,8.315152498220609,37.570598461483655,15.593494274471936,-2.220446049250313e-16,False,False
Solana,exponential_smoothing,6,2025-09-15,2025-10-24,238.1467189807191,15.432003077394688,14.788574306770442,-11.247328553987167,7.939838439074406,7.607884021551619,22.312210171028255,14.731094448372005,0.0,False,False
Solana,exponential_smoothing,7,2025-10-25,2025-12-03,76.00760208804816,8.718233885830786,8.03407660528851,-2.2598181318430175,5.757602717617325,5.9469980770143485,14.313405883868938,7.937688720783001,1.1102230246251565e-16,False,False
Solana,exponential_smoothing,8,2025-12-04,2026-01-13,30.34950892982679,5.509038839019634,4.964865192361822,-4.32482785580868,3.592124259195452,3.6727227179437425,8.96475227732276,5.0178299750766655,0.0,True,False
Solana,arima,1,2025-02-27,2025-04-07,219.17184606562074,14.804453588890768,13.06004558289953,-3.3964023755816335,11.374219608528167,10.565268353602423,26.306957479846176,10.470760928150654,0.02498346464362533,False,False
Solana,arima,2,2025-04-08,2025-05-17,623.1210237878787,24.962392188808323,24.25719093439459,-17.616501900859678,13.966956730063277,15.068997047791285,35.65401637955762,24.998190547055657,-0.03699504637816764,False,True
Solana,arima,3,2025-05-18,2025-06-26,138.8916359040171,11.785229565181032,11.085901303570145,-4.141839172038598,7.914246086673741,7.567889923359701,19.968540971687645,9.806239739150257,0.407878113939534,False,False
Solana,arima,4,2025-06-27,2025-08-05,194.93250427879212,13.961823100110964,11.85369916053391,-1.0588612306482572,7.135289517662797,6.811167457972636,23.77187911961235,10.520437252963461,-0.06768547638640032,False,False
Solana,arima,5,2025-08-06,2025-09-14,581.4291362052984,24.112841728118617,19.12136211035497,-1.4524933121594783,8.199797882099453,8.753927854222784,39.31759479012169,17.117360665907626,-0.008730113037092924,False,False
Solana,arima,6,2025-09-15,2025-10-24,298.9420247421519,17.28993998665559,16.60088026473364,-14.373888883632771,8.910100832128242,8.496079315883344,23.900165680804207,16.045187446343775,-0.200979822077602,False,False
Solana,arima,7,2025-10-25,2025-12-03,109.52312462154737,10.46532964705591,9.574795552519372,-3.6972336672829087,6.848194871851161,7.135184099437233,16.31439252222762,9.391470627066127,-0.022748557149780968,False,False
Solana,arima,8,2025-12-04,2026-01-13,37.228836268982306,6.101543761129826,5.621220836210265,-5.531807314008781,4.071270756135815,4.170533371325931,9.646172161329275,5.616495624561367,0.012090269371394236,True,False
Solana,random_forest,1,2025-02-27,2025-04-07,242.9517045924951,15.586908115225903,13.91729661743498,-3.8734062809429286,12.099957159581658,11.209758052786988,27.235133090427325,11.495949172078937,0.01187472525625033,False,False
Solana,random_forest,2,2025-04-08,2025-05-17,712.4223736733035,26.69124151614727,26.054134854562413,-20.28448883505961,15.011809306215032,16.280885052001768,37.50214115473406,26.51680147214229,-0.003973422910272362,False,True
Solana,random_forest,3,2025-05-18,2025-06-26,135.90621124943237,11.657881936674105,10.42226905845194,-4.031317229272211,7.480415234653788,7.137830648555811,20.85361135883096,8.374784175779595,-0.010012759914505676,False,False
Solana,random_forest,4,2025-06-27,2025-08-05,290.2665357092411,17.037210326495387,14.498834756086314,-2.065771504538932,8.74916765325677,8.242011283196394,27.465086258630663,14.962789794682237,0.026007014956762053,False,False
Solana,random_forest,5,2025-08-06,2025-09-14,559.1480842407502,23.646312275717545,18.73178423335573,-1.3585108686796628,8.032008942981598,8.564596506063378,39.05837839063429,15.299505793437717,0.09729311628258275,False,False
Solana,random_forest,6,2025-09-15,2025-10-24,550.9119946613739,23.471514537016436,22.65969301899589,-27.332114890470272,12.136573238850861,11.391597213796619,32.581236800618285,22.778086179122553,-0.925981661983093,False,False
Solana,random_forest,7,2025-10-25,2025-12-03,81.1990558196965,9.011051870880364,8.311754268153546,-2.4824694790786173,5.955154544319959,6.1597278087057745,14.646418431902475,8.056160176463536,-0.008250250154447913,False,False
Solana,random_forest,8,2025-12-04,2026-01-13,64.02044022164492,8.00127741186649,7.643049853806142,-10.232399977922636,5.546468365863206,5.719161313089214,11.501105664853355,7.782161901301308,0.016736792087545305,True,False
XRP,linear_regression,1,2025-02-27,2025-04-07,0.09244367258470884,0.30404551071296687,0.29068917147442275,-10.811182004025833,14.275303164639569,13.21934927176341,0.46259990947795515,0.2492395876777318,-0.014908471438697335,False,False
XRP,linear_regression,2,2025-04-08,2025-05-17,0.03155676241373105,0.17764223150402905,0.15110088478515551,-2.595202644978845,6.084105028965565,6.344513855179576,0.30337552267575996,0.0944578245740757,0.005944671702320381,False,False
XRP,linear_regression,3,2025-05-18,2025-06-26,0.0037867128414047274,0.06153627256671245,0.05157052453818638,-0.214365614844076,2.4240836736527474,2.434859196411915,0.09715060625511285,0.04700582523367158,-0.09933228069374,True,False
XRP,linear_regression,4,2025-06-27,2025-08-05,0.6582269651493606,0.8113118790880364,0.7713078495481076,-42.077617279589695,25.782299276717787,22.53925416544376,1.1166986950600988,0.809041523597485,-3.1433948151921802,False,True
XRP,linear_regression,5,2025-08-06,2025-09-14,0.09723569992262905,0.311826393883887,0.2748202360246549,-7.934174171795268,9.088094106165642,9.646052890407448,0.4811333812251104,0.2722446494956434,-0.9947076227655076,False,False
XRP,linear_regression,6,2025-09-15,2025-10-24,0.03493664409340012,0.18691346685940025,0.1649498376255795,-7.7040741594571,6.974858187914926,6.674025991791882,0.30165049938701216,0.16732785910379055,-1.1570291040406455,False,False
XRP,linear_regression,7,2025-10-25,2025-12-03,0.0688059217332299,0.262308828927335,0.25635199070330394,-22.703008269695022,11.74647540999078,12.516029377930735,0.371209045176069,0.25011915660231554,-0.06433145808700269,False,False
XRP,linear_regression,8,2025-12-04,2026-01-13,0.1340330324853572,0.3661052205109307,0.3524550249941667,-11.500121323536618,16.330967817068505,17.873925061354875,0.5458855668129106,0.32250784037950353,0.08524573570839411,False,False
XRP,polynomial_regression,1,2025-02-27,2025-04-07,0.1226830488369915,0.35026140072379014,0.33550993214346087,-14.67475391346775,16.470176032659488,15.087062687694667,0.5332374282923591,0.2908332535785991,-0.29250060821212776,False,False
XRP,polynomial_regression,2,2025-04-08,2025-05-17,0.1560785669488382,0.3950678004454909,0.3786212252875318,-16.781737852638802,15.448326048196712,16.849833415072904,0.5390865954362218,0.3886521817753693,-0.4496823295089132,False,False
XRP,polynomial_regression,3,2025-05-18,2025-06-26,0.029046397964743613,0.17043003832876297,0.15585582151940275,-8.31492521370505,7.380723783727435,7.064912733710484,0.27823855030258127,0.1430916527245616,-0.5250025445211026,True,False
XRP,polynomial_regression,4,2025-06-27,2025-08-05,0.5725820838512712,0.7566915381126389,0.719192964949602,-36.47259406745524,24.045574261046497,21.196550450224887,1.0561411991566345,0.7581773962293439,-2.621955575838473,False,True
XRP,polynomial_regression,5,2025-08-06,2025-09-14,0.10643682903821468,0.32624657705210436,0.28872248545826557,-8.779588871964332,9.551471339792279,10.16435195993696,0.501041402414041,0.2850208167251316,-1.120274672597601,False,False
XRP,polynomial_regression,6,2025-09-15,2025-10-24,0.04133260130951676,0.20330420878456196,0.16870615414362256,-9.297555370215717,6.963411762835317,7.263523777299728,0.4301763561293628,0.15402248458966117,-6.7142218280079735,False,False
XRP,polynomial_regression,7,2025-10-25,2025-12-03,0.10656301292792425,0.32643990707008275,0.3188333964425515,-35.709979505359016,14.62919548247917,15.847114719261816,0.46967974062112305,0.302197785843055,-0.690856786766882,False,False
XRP,polynomial_regression,8,2025-12-04,2026-01-13,0.04966695860942143,0.22286085032912673,0.1876700664701291,-3.6320149359947154,8.557207948872682,9.085024375886713,0.4315248055972285,0.15053983915087576,-0.34733997215046264,False,False
XRP,moving_average,1,2025-02-27,2025-04-07,0.08637892269541252,0.29390291372392435,0.28143116852929917,-10.036311612699308,13.815436369801251,12.82682778716163,0.44647398024474194,0.25270462581673225,0.08322343650796271,False,True
XRP,moving_average,2,2025-04-08,2025-05-17,0.0844748852803344,0.29064563523358544,0.2740001898240037,-8.624064947232805,11.138488677296102,11.868597587566416,0.4330597682072521,0.22449821122864622,-0.07078548777620663,False,False
XRP,moving_average,3,2025-05-18,2025-06-26,0.006706074816741817,0.08189062716051097,0.06059289558398171,-1.150579409924855,2.910729397446927,2.833735718989256,0.18245161665189302,0.04184365892812192,0.02683813439408822,True,False
XRP,moving_average,4,2025-06-27,2025-08-05,0.05988561933397442,0.24471538434265716,0.2182010939592791,-2.9192101308623406,7.357175874592831,7.02240123609674,0.47620217482957417,0.18627857328518083,0.19673535449512458,False,False
XRP,moving_average,5,2025-08-06,2025-09-14,0.035939691933673565,0.18957766728619055,0.15879503573034617,-2.302197317154083,5.228689789774315,5.428704930657632,0.30945506628494,0.1630283640488217,0.014677199533482344,False,False
XRP,moving_average,6,2025-09-15,2025-10-24,0.02295415061323656,0.15150627252109583,0.13945122689093684,-4.718769915931963,5.883000514740337,5.684139190511724,0.21080264753224887,0.15667500344549534,0.1261441235188112,False,False
XRP,moving_average,7,2025-10-25,2025-12-03,0.025338808975433252,0.15918168542716607,0.14957969515758038,-7.728987034249023,6.808515405722107,7.081121966700106,0.20118078615505564,0.16605880447789323,-0.02132011772913045,False,False
XRP,moving_average,8,2025-12-04,2026-01-13,0.06903785024884818,0.2627505475709769,0.24106133638575286,-5.4385732981236075,11.087660239216957,11.842550906319394,0.4608885341761064,0.1994981547600394,-0.019094715409061713,False,False
XRP,exponential_smoothing,1,2025-02-27,2025-04-07,0.08845194137842308,0.2974087109995655,0.2839456791729547,-10.301173449947795,13.947185597900477,12.934521782577022,0.45433913420148864,0.2426646823734857,0.0,False,False
XRP,exponential_smoothing,2,2025-04-08,2025-05-17,0.09727092686528513,0.3118828736325307,0.2974785079489256,-10.081893920570597,12.110846516458043,12.958663819820677,0.4534252156744505,0.24755267996888408,0.0,False,True
XRP,exponential_smoothing,3,2025-05-18,2025-06-26,0.014795599075778636,0.12163716157399694,0.10806171782918313,-3.7448189290158025,5.138456302497686,4.973235077255527,0.2277438629478965,0.07844602950520851,-2.220446049250313e-16,True,False
XRP,exponential_smoothing,4,2025-06-27,2025-08-05,0.03348259282028804,0.18298249320710447,0.1496664759419673,-1.1912659240774448,5.081824905815322,4.894458575768694,0.40116214713731324,0.11854410133042848,0.0,False,False
XRP,exponential_smoothing,5,2025-08-06,2025-09-14,0.034905857013492705,0.1868310922022689,0.1559611420573482,-2.2072068841224968,5.133963248742777,5.328055724781674,0.30576275049916024,0.16035018622151131,0.0,False,False
XRP,exponential_smoothing,6,2025-09-15,2025-10-24,0.01579279411860946,0.1256693841737496,0.10889372945833031,-2.9345980348290683,4.614553190325056,4.475803236208395,0.21142101438104888,0.11276912839472075,0.0,False,False
XRP,exponential_smoothing,7,2025-10-25,2025-12-03,0.023529263075969697,0.15339251310272511,0.144369379182681,-7.105615086908875,6.570120065254198,6.822493315355409,0.1912103189776646,0.1650163425753819,-2.220446049250313e-16,False,False
XRP,exponential_smoothing,8,2025-12-04,2026-01-13,0.027564720745358186,0.16602626522739763,0.12977743339361147,-1.5707271347757255,5.866268344127507,6.149251698687901,0.3429801483136554,0.08501398753942446,0.0,False,False
XRP,arima,1,2025-02-27,2025-04-07,0.04972962677853079,0.22300140532860055,0.2045044356182057,-5.353768261805951,10.099447194389958,9.5110138941527,0.3762757514342736,0.1617433367052279,-0.010319672069081243,False,False
XRP,arima,2,2025-04-08,2025-05-17,0.10843610353286973,0.3292963764344663,0.31593681389364814,-11.353921518353882,12.872765559405769,13.823707061749907,0.4703972094433979,0.26620790744571643,0.01793581962277957,False,True
XRP,arima,3,2025-05-18,2025-06-26,0.005199234207306738,0.07210571549680884,0.06381472651166309,-0.6673488350735959,3.0090300926336235,2.9555486692931536,0.142522237130148,0.05453265229382387,0.18841307336672475,True,False
XRP,arima,4,2025-06-27,2025-08-05,0.02897102254415047,0.17020876165506424,0.1362075020256787,-0.8960065257613539,4.632876981682645,4.469047170075958,0.38483450066617664,0.10313279837918299,0.1004464478253091,False,False
XRP,arima,5,2025-08-06,2025-09-14,0.03695344050219484,0.19223277686751247,0.1617034285992816,-2.395342183543525,5.326148311408922,5.5320139643976125,0.31182855293727085,0.1675846267168406,0.007178453367391868,False,False
XRP,arima,6,2025-09-15,2025-10-24,0.03805238299561626,0.1950702001732101,0.18057425280263634,-8.480325661859357,7.598953272090717,7.274085951229599,0.3127063536539407,0.1602441554630667,-0.3566411330655419,False,False
XRP,arima,7,2025-10-25,2025-12-03,0.03164772425512744,0.1778980726571467,0.1686157138622319,-9.90235042042943,7.680123016854743,8.021759007463698,0.24069139522831184,0.1807905206288154,-0.10804276055019324,False,False
XRP,arima,8,2025-12-04,2026-01-13,0.031015615524016438,0.17611250814185925,0.1430939252154642,-1.892562749535093,6.493268470348876,6.814599561126935,0.3483019837630792,0.10075206536756731,0.017047682898497896,False,False
XRP,random_forest,1,2025-02-27,2025-04-07,0.04728481791209912,0.21745072525080048,0.1922423485694406,-5.041404184534783,9.530400127779606,8.96568620462961,0.3997755868428352,0.14524555765776914,-0.3195312282608287,False,False
XRP,random_forest,2,2025-04-08,2025-05-17,0.10072198583381853,0.3173672727831566,0.3024536406579014,-10.475066584134161,12.312396304888429,13.191503131625945,0.46074933984085087,0.2571167195490407,-0.05312660964508864,False,True
XRP,random_forest,3,2025-05-18,2025-06-26,0.008518308936846635,0.09229468531202994,0.07620959211070022,-1.7317470066434169,3.6381453243784168,3.5416035580926972,0.1849663079020547,0.0653113670491039,0.13079623156334785,True,False
XRP,random_forest,4,2025-06-27,2025-08-05,0.0203275050273573,0.1425745595376584,0.10580553616177002,-0.33033213189425337,3.60858293784109,3.4984501612514025,0.34236131278710236,0.09367683656030712,0.15927912061593397,False,False
XRP,random_forest,5,2025-08-06,2025-09-14,0.034566093725702324,0.18591958940816947,0.15462956566009223,-2.17598888093317,5.088633044365396,5.280802865958498,0.30481069272256445,0.15954790902146665,0.01363804395915691,False,False
XRP,random_forest,6,2025-09-15,2025-10-24,0.020504871863427483,0.14319522290714687,0.12687018492580487,-4.1085595070979934,5.367444208630326,5.188244679336322,0.24681297886137843,0.13622243066880646,-0.09841019980750443,False,False
XRP,random_forest,7,2025-10-25,2025-12-03,0.031613840425917694,0.17780281332396766,0.1695264642954656,-9.890677752383771,7.723599998647204,8.065123895238866,0.21470888354117612,0.19165993076191357,0.009720379910536647,False,False
XRP,random_forest,8,2025-12-04,2026-01-13,0.04157693947289608,0.20390424093896645,0.17581787870333138,-2.877527636549725,8.027893398396273,8.467128971455196,0.39024121293106817,0.13152697957622395,0.005364916696048994,False,False
Cardano,linear_regression,1,2025-02-27,2025-04-07,0.0015617171693732012,0.039518567400314515,0.029852612514959197,-0.3534389632614414,4.8679433470829565,4.657776861537311,0.08608058035086397,0.02222171745169471,0.41888761004034347,False,False
Cardano,linear_regression,2,2025-04-08,2025-05-17,0.0051361359877057705,0.07166684022409367,0.06174088787449082,-4.049370041260792,7.645479255763407,8.053604778314574,0.12102409513694157,0.06318193562038743,-0.3516502471521792,False,False
Cardano,linear_regression,3,2025-05-18,2025-06-26,0.0011127490753051847,0.033357893748034884,0.028627265483129827,-1.214780959771638,5.05234620660207,4.880762170512355,0.06325695739660508,0.021395386248815873,0.4163666737676788,True,False
Cardano,linear_regression,4,2025-06-27,2025-08-05,0.0441535625998079,0.21012749129946776,0.19807684833489825,-29.066070646395314,26.807594419216326,23.264544832701013,0.28164662508156546,0.22251298632010014,-2.3496448225098874,False,True
Cardano,linear_regression,5,2025-08-06,2025-09-14,0.0013039435510783755,0.036110158557923495,0.03078962618614245,-0.05866764324512097,3.4935360932386272,3.5316523872392964,0.06739911464660053,0.0272566150372498,0.05495345259981488,False,False
Cardano,linear_regression,6,2025-09-15,2025-10-24,0.0035194718961327844,0.059325137135389616,0.0556957347462874,-16.236974045446548,8.675884160280503,8.267257657196545,0.09060263090943432,0.05476912313317395,-1.0445385431010132,False,False
Cardano,linear_regression,7,2025-10-25,2025-12-03,0.0031809910488668188,0.056400275255239836,0.04827114692718211,-10.836744752613239,11.256623347868041,12.183099039686445,0.1132076974506504,0.04200295558959666,-2.166226212811729,False,False
Cardano,linear_regression,8,2025-12-04,2026-01-13,0.005981854674833418,0.0773424506647767,0.07657021723900362,-38.96734478239609,19.185242565295383,21.25834700171309,0.09299756844352253,0.07700646959457919,0.2058685398860337,False,False
Cardano,polynomial_regression,1,2025-02-27,2025-04-07,0.0014631147463208323,0.03825068295234521,0.028405051804035297,-0.2679866394679946,4.6390255036920225,4.441528295021263,0.084007673412821,0.02096957743674549,0.4312552881245739,True,False
Cardano,polynomial_regression,2,2025-04-08,2025-05-17,0.01577160146187792,0.12558503677539742,0.12240964553891473,-14.505168109827189,15.382504860900575,16.719397276710453,0.16422124729472054,0.11800902321645784,0.22582294527581848,False,False
Cardano,polynomial_regression,3,2025-05-18,2025-06-26,0.0019352049956600898,0.043990964932132254,0.040310823751162225,-2.851771502454334,7.093239165718514,6.799671190526317,0.07536112376228665,0.03453400283524982,0.3825030619345797,False,False
Cardano,polynomial_regression,4,2025-06-27,2025-08-05,0.047558169374589586,0.21807835604339462,0.205657115662002,-31.384414666368635,27.82947801893283,24.034566199963038,0.29359312638908075,0.2306139965429045,-2.584022357701965,False,False
Cardano,polynomial_regression,5,2025-08-06,2025-09-14,0.059497038782960546,0.24392014837434103,0.2208429716372343,-47.30545753021975,24.88421959618429,29.319861272155674,0.3667059116777027,0.21773857095179572,-7.7079350981279084,False,True
Cardano,polynomial_regression,6,2025-09-15,2025-10-24,0.001543475763960435,0.03928709411448542,0.034115127943931026,-6.559330623550471,5.283965969593287,5.346312820391423,0.0776093294789868,0.028165038026858658,-6.387298460033182,False,False
Cardano,polynomial_regression,7,2025-10-25,2025-12-03,0.007816480601260363,0.08841086246191902,0.07949695524598369,-28.08580512159293,18.633490545736127,21.05836220087542,0.16241957136108176,0.07086483982225694,-4.569405789730287,False,False
Cardano,polynomial_regression,8,2025-12-04,2026-01-13,0.0014758853778670349,0.038417253648159636,0.035035290430190116,-8.861025210906078,8.689198957125338,9.159729390605,0.06317538669684802,0.03244334799612725,-0.6597594937519646,False,False
Cardano,moving_average,1,2025-02-27,2025-04-07,0.007776278291280936,0.08818320866968346,0.08132652527108011,-5.739195953648792,12.968029768823996,12.014742814011692,0.15270692448071166,0.06848523668225104,-0.007267981394398104,False,False
Cardano,moving_average,2,2025-04-08,2025-05-17,0.013389626359766102,0.11571355305134357,0.1109854286827062,-12.163432270195534,13.901484798262704,15.019011893081785,0.1617076122378469,0.10847675743490337,-0.05375378166931255,False,True
Cardano,moving_average,3,2025-05-18,2025-06-26,0.004905990612216174,0.07004277701673581,0.06735484969947297,-8.764730286362841,11.798054946926277,11.079743571671695,0.10180819978987488,0.06214373349020741,0.26492730387271757,False,False
Cardano,moving_average,4,2025-06-27,2025-08-05,0.0076519927428454915,0.0874756694335373,0.08032902928829207,-4.2105728472541815,10.922988890363408,10.247263841391712,0.1343563291703933,0.08219110073384661,0.18338574921523398,False,False
Cardano,moving_average,5,2025-08-06,2025-09-14,0.004006060201963511,0.06329344517375801,0.05294029498141525,-2.252507602191336,5.914273056019835,6.170987208066592,0.10968733209325443,0.054346600224123076,0.008039001972174664,False,False
Cardano,moving_average,6,2025-09-15,2025-10-24,0.0034867115975779064,0.05904838353060909,0.058213672959857174,-16.076527128245136,9.052659483897413,8.647747524190857,0.08023609131716036,0.059446985722396206,0.5206232729839113,False,False
Cardano,moving_average,7,2025-10-25,2025-12-03,0.0003007903050853785,0.01734330721302539,0.01327418119234971,-0.11926692362891789,3.17704327529536,3.1427982111091484,0.04056343822122954,0.00914362430240881,-0.10744128000923325,True,False
Cardano,moving_average,8,2025-12-04,2026-01-13,0.001586798311872592,0.039834637087245967,0.03745119250841408,-9.602082243414259,9.309653161185114,9.818047214742954,0.06373662755718729,0.030589577308502203,-0.23076282523543146,False,False
Cardano,exponential_smoothing,1,2025-02-27,2025-04-07,0.006609833481585463,0.08130088241578601,0.07386437125240215,-4.728313903495275,11.804823259192672,10.984956057197774,0.1449487633231724,0.06018174953494915,-2.220446049250313e-16,False,False
Cardano,exponential_smoothing,2,2025-04-08,2025-05-17,0.015061768723961241,0.12272639782850811,0.11850985277554535,-13.807326742363005,14.859103098500912,16.125565032723543,0.1695637642230704,0.11690624941250827,0.0,False,True
Cardano,exponential_smoothing,3,2025-05-18,2025-06-26,0.0033751559840874377,0.05809609267487305,0.0535979152056278,-5.717804917308955,9.43800497882695,8.933539840568,0.09064799550500524,0.05136150124993932,0.0,False,False
Cardano,exponential_smoothing,4,2025-06-27,2025-08-05,0.005930884878463186,0.07701223849793737,0.06924170251215714,-3.038596055492194,9.440350564558482,8.912294946040197,0.12213301653073749,0.0723690092007967,0.0,False,False
Cardano,exponential_smoothing,5,2025-08-06,2025-09-14,0.004784843261541971,0.06917256147882606,0.05960838601427696,-2.884799104075221,6.677276205871624,6.98611998924235,0.11650329038935325,0.06153079078035972,2.220446049250313e-16,False,False
Cardano,exponential_smoothing,6,2025-09-15,2025-10-24,0.0031466596970134244,0.056095095124381635,0.05424461408802852,-14.411088120030477,8.457374914576086,8.088763103734706,0.07572001262852535,0.05576300665089473,0.0,False,False
Cardano,exponential_smoothing,7,2025-10-25,2025-12-03,0.0005098013532923964,0.02257878104088873,0.02009319667745828,-0.8970152385711878,4.6959568145521535,4.802063926435219,0.0422599912277013,0.021063998341560364,-2.220446049250313e-16,False,False
Cardano,exponential_smoothing,8,2025-12-04,2026-01-13,0.00017058317235529023,0.01306074930297991,0.00949394702911377,-0.13973956811122967,2.3250084472723564,2.366529139369196,0.02811598833718909,0.006086498498916626,-2.220446049250313e-16,True,False
Cardano,arima,1,2025-02-27,2025-04-07,0.004379618244187522,0.0661786842131779,0.05695572645357031,-2.7955310296505793,9.168450812226244,8.608295576781464,0.12782428841106652,0.04303972750789048,0.015794141642042514,False,False
Cardano,arima,2,2025-04-08,2025-05-17,0.015356984445678252,0.12392330065681051,0.11971677621268859,-14.097555315849997,15.01152632323032,16.30415470868843,0.17098888024188585,0.1187273266483233,-0.007564436205627301,False,True
Cardano,arima,3,2025-05-18,2025-06-26,0.0037007525338959095,0.06083381077900602,0.05626880550283473,-6.365862107457924,9.905339454444386,9.354158244464013,0.09391090765851628,0.05447289227549801,-0.06399949329519106,False,False
Cardano,arima,4,2025-06-27,2025-08-05,0.010871008921794437,0.10426413056173459,0.09350247583475171,-6.402540202762423,12.749553092748755,11.801676219970041,0.15434817521513877,0.10434095524388443,-0.5681484567640276,False,False
Cardano,arima,5,2025-08-06,2025-09-14,0.005717912566924548,0.07561688017185414,0.06693784450098475,-3.6423551207423577,7.518943055138472,7.890927893342985,0.12429872362889993,0.06874481735247229,-0.004509244313551042,False,False
Cardano,arima,6,2025-09-15,2025-10-24,0.0029217854509870716,0.05405354244623632,0.051582030523375386,-13.309743470424172,8.050151911365818,7.70691151175979,0.07377127730014199,0.05477954155178394,-0.27866397114269525,False,False
Cardano,arima,7,2025-10-25,2025-12-03,0.0005170047334993763,0.022737738091098164,0.020285092004160253,-0.9238196437254942,4.740328408098193,4.84901952757133,0.04247529354443447,0.021057221457687597,0.00047316740707870064,True,False
Cardano,arima,8,2025-12-04,2026-01-13,0.0006231642048696766,0.02496325709657449,0.020627493762339837,-3.163628169848118,5.0797967585614,5.270558996089173,0.04837848551041257,0.01577208922238557,-0.4941887971303036,False,False
Cardano,random_forest,1,2025-02-27,2025-04-07,0.006783877322850088,0.08236429640839583,0.07510259784246112,-4.879146410624446,11.995758190763945,11.156478394200194,0.14567674217550097,0.061356170566877755,0.009022556466736331,False,False
Cardano,random_forest,2,2025-04-08,2025-05-17,0.014530838883131872,0.12054392926701814,0.11625284513209526,-13.285366023505038,14.573116230173627,15.792396265438274,0.167354365513404,0.11469776485883165,0.0010505845157825489,False,True
Cardano,random_forest,3,2025-05-18,2025-06-26,0.00531119283944943,0.07287793108650541,0.06856115954823805,-9.571232127298673,12.044583411572972,11.265838773152034,0.10722297034423678,0.06827490036202,-0.21524000894662332,False,False
Cardano,random_forest,4,2025-06-27,2025-08-05,0.00550047378304563,0.07416517904681165,0.06647617444612555,-2.745510523094567,9.066406781838639,8.575206650730124,0.11880037125772613,0.06913901221913066,0.05281117157899751,False,False
Cardano,random_forest,5,2025-08-06,2025-09-14,0.005069777225906522,0.07120236812007394,0.06143118949679706,-3.116136088168467,6.882315978919243,7.210085577497824,0.11914408695259948,0.06340974970194646,-0.05220708121170592,False,False
Cardano,random_forest,6,2025-09-15,2025-10-24,0.005236498783133852,0.07236365650748898,0.06913880622781915,-24.64628906770654,10.786136276346694,10.180875906300516,0.10210729458970536,0.06915511390854567,-1.234894779153639,False,False
Cardano,random_forest,7,2025-10-25,2025-12-03,0.0003391228993842962,0.01841528982623668,0.014316563255981163,-0.2619058457294381,3.3641554927912565,3.4014017219842034,0.035315071545477805,0.013858967486135632,-0.004903310796120719,True,False
Cardano,random_forest,8,2025-12-04,2026-01-13,0.00044933542230393464,0.021197533401410992,0.01838858105451504,-2.002203283493345,4.5422164150435,4.679792271711096,0.03907210852666654,0.014170216793035484,0.2570549616710722,False,False
